Mission,Milestone,Status
Dog Food Authority Expansion,Hub page research & outline approved,pending
Dog Food Authority Expansion,"Core comparison pages drafted (dry, wet, puppy, senior)",pending
Dog Food Authority Expansion,Evidence & testing methodology documented,pending
Dog Food Authority Expansion,Internal linking structure deployed,pending
Dog Food Authority Expansion,Performance validation & optimisation,pending
Dog Harness Commercial Opportunity,Keyword research & competitive gap analysis,pending
Dog Harness Commercial Opportunity,Hub page and guide structure approved,in_progress
Dog Harness Commercial Opportunity,Core comparison pages drafted,in_progress
Dog Harness Commercial Opportunity,Affiliate integration & CTA optimisation,pending
Dog Harness Commercial Opportunity,Launch review & performance baseline,in_progress
Pet Insurance Trust Buildout,Regulatory review & compliance framework,pending
Pet Insurance Trust Buildout,Trust and disclaimer structure approved by human,pending
Pet Insurance Trust Buildout,Core informational pages drafted with disclaimers,completed
Pet Insurance Trust Buildout,Internal linking & schema deployed (post-approval),in_progress
Pet Insurance Trust Buildout,Ongoing compliance monitoring activated,pending
Cat Toys Recovery / Engagement,Content audit & decay analysis,completed
Cat Toys Recovery / Engagement,Existing page refresh with updated products,pending
Cat Toys Recovery / Engagement,Comparison support and internal links improved,pending
Cat Toys Recovery / Engagement,Answer-readiness and AI search optimisation,completed
Cat Toys Recovery / Engagement,Performance re-baseline and monitoring,pending
Homepage Engagement Recovery,Homepage engagement audit completed,completed
Homepage Engagement Recovery,Category routing & pathway redesign approved,pending
Homepage Engagement Recovery,Trust signal and start-here sections implemented,in_progress
Homepage Engagement Recovery,Internal authority flow optimisation deployed,pending
AI Search Adaptation Mission,AI search readiness audit across all clusters,pending
AI Search Adaptation Mission,Answer-ready summary templates created and approved,in_progress
AI Search Adaptation Mission,Evidence sections and entity completeness deployed,completed
AI Search Adaptation Mission,Citation-friendly formatting applied site-wide,pending
AI Search Adaptation Mission,Comparison summaries and direct-answer blocks live,in_progress
